Month,Orders,Revenue
2010-12,1400,572713.89
2011-01,987,569445.04
2011-02,997,447137.35
2011-03,1321,595500.76
2011-04,1149,469200.361
2011-05,1555,678594.56
2011-06,1393,661213.6900000001
2011-07,1331,600091.011
2011-08,1280,645343.9
2011-09,1755,952838.382
2011-10,1929,1039318.79
2011-11,2657,1161817.3800000001
2011-12,778,518192.79
